DATE, TIME, FPC, PIC, ENCAP_BYTES, ENCAP_PKTS, DECAP_BYTES, DECAP_PKTS

2021-04-10,00:00,FPC0,PIC0:,353097198264,26872186040,283130697,109347160
2021-04-10,00:00,FPC0,PIC1:,614797080032,48083574257,495058412,192013260
2021-04-10,00:05,FPC0,PIC0:,344343368960,26435761495,276597762,107120711
2021-04-10,00:05,FPC0,PIC1:,606559976416,48845587890,490012390,191333171
2021-04-10,00:10,FPC0,PIC0:,341345322320,25600149388,272068300,103639283
2021-04-10,00:10,FPC0,PIC1:,584017645656,45436387913,469132977,180634046
2021-04-10,00:15,FPC0,PIC0:,342365940920,25845846511,272287343,102863320
2021-04-10,00:15,FPC0,PIC1:,581593521008,44615450491,465235644,177167567
2021-04-10,00:20,FPC0,PIC0:,329222001488,24270421371,260990422,97246364
2021-04-10,00:20,FPC0,PIC1:,555859444560,40355863184,442208162,166378529
2021-04-10,00:25,FPC0,PIC0:,319460698512,23913008590,253495710,94038261
2021-04-10,00:25,FPC0,PIC1:,527778497352,40233471402,420795765,161115148
2021-04-10,00:30,FPC0,PIC0:,303983223984,21895954352,240726808,89421896
2021-04-10,00:30,FPC0,PIC1:,512460697976,40044192507,408546083,155963763
2021-04-10,00:35,FPC0,PIC0:,293818469984,22160342869,232470130,87059707
2021-04-10,00:35,FPC0,PIC1:,496758846376,38242638197,395228429,150307401
2021-04-10,00:40,FPC0,PIC0:,284483693216,20520211944,224863960,83467315
2021-04-10,00:40,FPC0,PIC1:,480210475056,35765905672,381592302,144717385
2021-04-10,00:45,FPC0,PIC0:,278386864080,19525274994,219730890,80906575
2021-04-10,00:45,FPC0,PIC1:,471271810032,33947096074,374410194,140118744
2021-04-10,00:50,FPC0,PIC0:,269233338440,18242877136,211995493,78364536
2021-04-10,00:50,FPC0,PIC1:,441664341976,32612421603,351148193,132562992
2021-04-10,00:55,FPC0,PIC0:,255609034096,17978080981,201400878,74969983
2021-04-10,00:55,FPC0,PIC1:,421188648576,30392337914,334766416,126351280
2021-04-10,01:00,FPC0,PIC0:,244074288976,16905086488,192393882,72683678
2021-04-10,01:00,FPC0,PIC1:,405499614568,29327817084,322108055,120979004
2021-04-10,01:05,FPC0,PIC0:,236901613808,16516657531,187203952,70677837
2021-04-10,01:05,FPC0,PIC1:,391947273736,28634127444,311789447,117841823
2021-04-10,01:10,FPC0,PIC0:,224014120080,15172639716,177262260,66388396
2021-04-10,01:10,FPC0,PIC1:,381255874984,27545656024,302664967,114206424
2021-04-10,01:15,FPC0,PIC0:,214476273088,14825884531,169782616,63244085
2021-04-10,01:15,FPC0,PIC1:,369761528192,25973292278,293216648,109363473
2021-04-10,01:20,FPC0,PIC0:,205870139552,14863685836,163379178,60475103
2021-04-10,01:20,FPC0,PIC1:,354020255152,26154817520,281548734,106950566
2021-04-10,01:25,FPC0,PIC0:,200552200080,14256148894,158754080,59040659
2021-04-10,01:25,FPC0,PIC1:,328091884712,24365617023,261776903,100896437
2021-04-10,01:30,FPC0,PIC0:,185127818152,14428457059,146973153,60572070
2021-04-10,01:30,FPC0,PIC1:,315567173392,23276504860,251995412,96922387
2021-04-10,01:35,FPC0,PIC0:,179706080856,12937380661,143138947,54684344
2021-04-10,01:35,FPC0,PIC1:,315899859784,22027515436,251764233,93494240
2021-04-10,01:40,FPC0,PIC0:,171258706056,12400233462,136363999,51985838
2021-04-10,01:40,FPC0,PIC1:,290706253560,21266596765,232501183,90240656
2021-04-10,01:45,FPC0,PIC0:,157428056704,11880834417,126401650,49240163
2021-04-10,01:45,FPC0,PIC1:,275993416104,21590647533,221606319,87333614
2021-04-10,01:50,FPC0,PIC0:,151940836296,11409730614,121838225,47343260
2021-04-10,01:50,FPC0,PIC1:,261978517648,20234343045,211257030,84316640
2021-04-10,01:55,FPC0,PIC0:,143762017216,10875116875,115457138,45171454
2021-04-10,01:55,FPC0,PIC1:,259954600240,19093208447,207750238,82210971
2021-04-10,02:00,FPC0,PIC0:,137103049496,10884003297,110771187,43731203
2021-04-10,02:00,FPC0,PIC1:,245323668272,18345553687,196849324,78708756
2021-04-10,02:05,FPC0,PIC0:,132642910144,10671223296,107891268,44079526
2021-04-10,02:05,FPC0,PIC1:,235142871184,19619534351,190472946,78289599
2021-04-10,02:10,FPC0,PIC0:,128516214912,11082023723,104675696,42144115
2021-04-10,02:10,FPC0,PIC1:,223097445312,21147703351,182092824,75696614
2021-04-10,02:15,FPC0,PIC0:,123917607632,11315842552,100998816,41089034
2021-04-10,02:15,FPC0,PIC1:,212800652872,20332382539,174476595,72371606
2021-04-10,02:20,FPC0,PIC0:,117169268640,10433444833,95819084,38983869
2021-04-10,02:20,FPC0,PIC1:,199823119432,19272941190,164689777,69746041
2021-04-10,02:25,FPC0,PIC0:,107212628904,10336910740,88837925,37011307
2021-04-10,02:25,FPC0,PIC1:,190040347856,17862599272,156545502,66557182
2021-04-10,02:30,FPC0,PIC0:,105766999472,10468030409,86959684,36504584
2021-04-10,02:30,FPC0,PIC1:,181183631624,19235380638,150682133,65952999
2021-04-10,02:35,FPC0,PIC0:,99810478216,9393829912,82131127,35013675
2021-04-10,02:35,FPC0,PIC1:,172931337176,18114168338,143796221,63162131
2021-04-10,02:40,FPC0,PIC0:,99820423648,8822732579,82016930,34057498
2021-04-10,02:40,FPC0,PIC1:,170542507424,18921903065,142174628,62432126
2021-04-10,02:45,FPC0,PIC0:,93948318440,10887621426,78901067,35014825
2021-04-10,02:45,FPC0,PIC1:,159164693376,17893442500,133551960,59991336
2021-04-10,02:50,FPC0,PIC0:,88197675888,11048582818,74597000,33576256
2021-04-10,02:50,FPC0,PIC1:,152806135080,17973954013,128741345,58765957
2021-04-10,02:55,FPC0,PIC0:,83154369664,9981130735,70096862,31791767
2021-04-10,02:55,FPC0,PIC1:,148158336712,19413808405,126604899,58163649
2021-04-10,03:00,FPC0,PIC0:,81399024880,10797807043,68988382,31996776
2021-04-10,03:00,FPC0,PIC1:,138009725400,19404631750,119475957,56537829
2021-04-10,03:05,FPC0,PIC0:,81582169088,11824369285,69290944,32700053
2021-04-10,03:05,FPC0,PIC1:,135789671792,19922190049,118308252,56512163
2021-04-10,03:10,FPC0,PIC0:,78680022752,10769753523,66711284,31497462
2021-04-10,03:10,FPC0,PIC1:,134907024936,16614730007,115628387,55247143
2021-04-10,03:15,FPC0,PIC0:,72341022344,9700768547,62219599,29736635
2021-04-10,03:15,FPC0,PIC1:,129481511816,16922502131,111980609,53375201
2021-04-10,03:20,FPC0,PIC0:,73307271496,9397729378,62531547,29393910
2021-04-10,03:20,FPC0,PIC1:,124218794800,15724389805,107249972,51360290
2021-04-10,03:25,FPC0,PIC0:,73769060896,9060872641,63123646,29611342
2021-04-10,03:25,FPC0,PIC1:,121392406888,15459279388,104774015,50245682
2021-04-10,03:30,FPC0,PIC0:,69155971312,10216704275,60362906,29353613
2021-04-10,03:30,FPC0,PIC1:,117319782048,16109857114,102090752,50007304
2021-04-10,03:35,FPC0,PIC0:,67276682368,9356594036,58714204,28732794
2021-04-10,03:35,FPC0,PIC1:,108633018744,15143642155,95755729,47609878
2021-04-10,03:40,FPC0,PIC0:,66169725408,10086879906,58389534,28483943
2021-04-10,03:40,FPC0,PIC1:,103308849664,15307534615,92122374,46171492
2021-04-10,03:45,FPC0,PIC0:,63511640576,11727488971,56962994,29075702
2021-04-10,03:45,FPC0,PIC1:,101739685496,13992118446,89924807,45057947
2021-04-10,03:50,FPC0,PIC0:,62165253184,12115266137,56205476,28998775
2021-04-10,03:50,FPC0,PIC1:,103075840096,15471494303,91748700,45700057
2021-04-10,03:55,FPC0,PIC0:,58919201416,10475485782,52876595,27101857
2021-04-10,03:55,FPC0,PIC1:,94528702528,14411669973,85478862,43956614
2021-04-10,04:00,FPC0,PIC0:,58102689552,10220650095,52374608,26691751
2021-04-10,04:00,FPC0,PIC1:,95569991736,14099594951,85803693,44360838
2021-04-10,04:05,FPC0,PIC0:,58158982056,9689468134,52173005,26542469
2021-04-10,04:05,FPC0,PIC1:,92611143152,14474986945,83915522,44312412
2021-04-10,04:10,FPC0,PIC0:,56236872832,8971242953,50627676,25737500
2021-04-10,04:10,FPC0,PIC1:,91989911792,15536669449,83831570,44579341
2021-04-10,04:15,FPC0,PIC0:,56488898552,8327939076,50379031,25059367
2021-04-10,04:15,FPC0,PIC1:,90747712336,13686534977,82056392,42915173
2021-04-10,04:20,FPC0,PIC0:,57132760152,8016730980,50388133,24621129
2021-04-10,04:20,FPC0,PIC1:,91683528608,13194388125,82670478,43170873
2021-04-10,04:25,FPC0,PIC0:,53653383192,7068899116,47371969,23378155
2021-04-10,04:25,FPC0,PIC1:,91734967568,14737929473,83728286,43861771
2021-04-10,04:30,FPC0,PIC0:,54335096528,9131315890,49014584,24863433
2021-04-10,04:30,FPC0,PIC1:,88008384328,12045874509,79585709,41376845
2021-04-10,04:35,FPC0,PIC0:,54626254312,8266376231,49075969,24467156
2021-04-10,04:35,FPC0,PIC1:,91135119904,12925840317,81624910,41925743
2021-04-10,04:40,FPC0,PIC0:,53543964640,7762964195,47947656,23748115
2021-04-10,04:40,FPC0,PIC1:,96192027512,14285418676,85992387,43575653
2021-04-10,04:45,FPC0,PIC0:,50043826696,7130688453,45468119,23090474
2021-04-10,04:45,FPC0,PIC1:,90427186560,13463065709,81827428,42250077
2021-04-10,04:50,FPC0,PIC0:,52032196304,7869807112,47305284,23919207
2021-04-10,04:50,FPC0,PIC1:,90825149432,13775537509,82315291,42216531
2021-04-10,04:55,FPC0,PIC0:,53484437336,7704937557,48222855,23772692
2021-04-10,04:55,FPC0,PIC1:,89733066464,12863773420,81078722,41248734
2021-04-10,05:00,FPC0,PIC0:,54943649080,8292386044,49645191,24271610
2021-04-10,05:00,FPC0,PIC1:,90603377688,12271934733,81484939,41300791
2021-04-10,05:05,FPC0,PIC0:,55470701480,7865363916,49874105,24508942
2021-04-10,05:05,FPC0,PIC1:,94362660216,13778582220,85487861,43563577
2021-04-10,05:10,FPC0,PIC0:,54485517384,6615707352,48593365,23061227
2021-04-10,05:10,FPC0,PIC1:,93069155896,13988245110,84665367,43299960
2021-04-10,05:15,FPC0,PIC0:,55775609864,8301604013,50491743,24447297
2021-04-10,05:15,FPC0,PIC1:,95783659104,14529126516,87045528,43741302
2021-04-10,05:20,FPC0,PIC0:,56396561568,8417866566,51147516,24565655
2021-04-10,05:20,FPC0,PIC1:,101762951248,14528308779,91644120,44896033
2021-04-10,05:25,FPC0,PIC0:,59943875792,8043610872,53139838,25168661
2021-04-10,05:25,FPC0,PIC1:,97380036064,17052960941,90350442,46593026
2021-04-10,05:30,FPC0,PIC0:,60612641984,8131845351,53836262,25594748
2021-04-10,05:30,FPC0,PIC1:,100272457304,14408561797,91018979,45140153
2021-04-10,05:35,FPC0,PIC0:,64074846656,8560426412,56714904,26717699
2021-04-10,05:35,FPC0,PIC1:,106972523744,15384258278,96139938,47150629
2021-04-10,05:40,FPC0,PIC0:,62853664232,10267466723,57007703,27449115
2021-04-10,05:40,FPC0,PIC1:,108463259480,14377147310,96984259,48060048
2021-04-10,05:45,FPC0,PIC0:,64263663072,8782931887,57347146,27002349
2021-04-10,05:45,FPC0,PIC1:,113261716160,15590648562,101075702,49024220
2021-04-10,05:50,FPC0,PIC0:,66525962264,8589088003,58892617,27614849
2021-04-10,05:50,FPC0,PIC1:,113344973672,16151168685,101617305,49640430
2021-04-10,05:55,FPC0,PIC0:,66413184408,10298436387,59985827,28570144
2021-04-10,05:55,FPC0,PIC1:,120784756976,16963462167,107780064,51676900
2021-04-10,06:00,FPC0,PIC0:,69853427848,10782641355,62622091,29601439
2021-04-10,06:00,FPC0,PIC1:,120956362016,17106979431,108186430,52307110
2021-04-10,06:05,FPC0,PIC0:,73164707272,10978186791,65911831,31114850
2021-04-10,06:05,FPC0,PIC1:,127872868440,17704701898,114141141,55517122
2021-04-10,06:10,FPC0,PIC0:,77218923040,9798634944,68137906,30947405
2021-04-10,06:10,FPC0,PIC1:,133188457608,17000722453,117802641,55978311
2021-04-10,06:15,FPC0,PIC0:,80639807208,9891269319,70301249,31400394
2021-04-10,06:15,FPC0,PIC1:,138723215496,17329010689,122391927,57150778
2021-04-10,06:20,FPC0,PIC0:,78725446288,9455053877,69181592,31470623
2021-04-10,06:20,FPC0,PIC1:,149318469632,17112396412,130045222,59571128
2021-04-10,06:25,FPC0,PIC0:,86033267656,8942240336,74340841,32396706
2021-04-10,06:25,FPC0,PIC1:,155240018048,17664814390,135450342,60769241
2021-04-10,06:30,FPC0,PIC0:,91830032080,8959973181,78622820,34372836
2021-04-10,06:30,FPC0,PIC1:,164465940480,17036025543,141740170,62490573
2021-04-10,06:35,FPC0,PIC0:,97799914592,9492755531,83634748,36258898
2021-04-10,06:35,FPC0,PIC1:,168254946264,17331784542,145201283,63738376
2021-04-10,06:40,FPC0,PIC0:,102274583176,9659251421,87501501,36912727
2021-04-10,06:40,FPC0,PIC1:,176354446848,18354105851,151532612,65789091
2021-04-10,06:45,FPC0,PIC0:,108140639728,10521243639,92241564,38668163
2021-04-10,06:45,FPC0,PIC1:,186967533400,19505542132,160426923,68396575
2021-04-10,06:50,FPC0,PIC0:,112091201768,10003125474,95057381,39620035
2021-04-10,06:50,FPC0,PIC1:,195191949136,20935070529,167825944,71996639
2021-04-10,06:55,FPC0,PIC0:,115987595896,11345405539,98789547,41359700
2021-04-10,06:55,FPC0,PIC1:,203814473816,21204249048,174903485,75027805
2021-04-10,07:00,FPC0,PIC0:,121622518560,10593842952,102362382,42276870
2021-04-10,07:00,FPC0,PIC1:,210108040400,21287161835,180209968,76268529
2021-04-10,07:05,FPC0,PIC0:,132300177240,12032044728,111443787,46429295
2021-04-10,07:05,FPC0,PIC1:,222380112800,23082694371,191021308,81562102
2021-04-10,07:10,FPC0,PIC0:,142691959936,12614893202,119419160,48583033
2021-04-10,07:10,FPC0,PIC1:,232641947128,24515821001,199717291,84468127
2021-04-10,07:15,FPC0,PIC0:,144218553320,12976653146,121733063,49751079
2021-04-10,07:15,FPC0,PIC1:,243869653040,23850576990,208096034,86676002
2021-04-10,07:20,FPC0,PIC0:,153291596472,13800639756,129393945,52504122
2021-04-10,07:20,FPC0,PIC1:,257033055376,24900020182,219052050,90807979
2021-04-10,07:25,FPC0,PIC0:,155556454992,13432978435,131460780,53525589
2021-04-10,07:25,FPC0,PIC1:,267703640280,25716066444,228050183,95375016
2021-04-10,07:30,FPC0,PIC0:,162912766800,14982143020,138203604,56411717
2021-04-10,07:30,FPC0,PIC1:,279579946912,27668531975,238066544,99442124
2021-04-10,07:35,FPC0,PIC0:,170351067184,16184842677,144670512,59090377
2021-04-10,07:35,FPC0,PIC1:,293469602104,28915863546,250817917,104242514
2021-04-10,07:40,FPC0,PIC0:,178863427848,16607405599,151294289,60688213
2021-04-10,07:40,FPC0,PIC1:,306675464328,28765881051,260681579,106576652
2021-04-10,07:45,FPC0,PIC0:,186015858360,17687673636,157766477,63993957
2021-04-10,07:45,FPC0,PIC1:,313451077864,29727450604,267029093,110364865
2021-04-10,07:50,FPC0,PIC0:,191168727024,16625269530,161968908,65897349
2021-04-10,07:50,FPC0,PIC1:,321840619064,30594897969,275478463,112953633
2021-04-10,07:55,FPC0,PIC0:,197630470136,16968846750,167429069,68027770
2021-04-10,07:55,FPC0,PIC1:,336167940544,31757358415,287806814,118483105
2021-04-10,08:00,FPC0,PIC0:,200912488440,18218321718,171747703,71446584
2021-04-10,08:00,FPC0,PIC1:,349406923352,34213879359,300236739,124593406
2021-04-10,08:05,FPC0,PIC0:,215013593680,19133372347,184758418,77075994
2021-04-10,08:05,FPC0,PIC1:,368761805968,39298656512,321763658,137140225
2021-04-10,08:10,FPC0,PIC0:,229743998008,21320392773,200729347,82989900
2021-04-10,08:10,FPC0,PIC1:,395047420696,39541839260,348726103,145606098
2021-04-10,08:15,FPC0,PIC0:,239601478136,23604247927,214399379,87796681
2021-04-10,08:15,FPC0,PIC1:,414006025944,43988125359,372885227,155997085
2021-04-10,08:20,FPC0,PIC0:,251793222152,27102548672,229985195,94945827
2021-04-10,08:20,FPC0,PIC1:,425412052768,48527312534,394582374,166267589
2021-04-10,08:25,FPC0,PIC0:,256220811400,26959214605,238449803,98654208
2021-04-10,08:25,FPC0,PIC1:,450334187808,48405730338,422356564,172913410
2021-04-10,08:30,FPC0,PIC0:,261467776936,28958633723,247577813,102863761
2021-04-10,08:30,FPC0,PIC1:,468266570992,53180982817,444782448,182703844
2021-04-10,08:35,FPC0,PIC0:,278206049744,30874474367,265833878,109579192
2021-04-10,08:35,FPC0,PIC1:,486991173888,56906248143,468541656,193902709
2021-04-10,08:40,FPC0,PIC0:,282964432472,31403755210,272892473,112549390
2021-04-10,08:40,FPC0,PIC1:,490239948672,59214746112,479407436,197895659
2021-04-10,08:45,FPC0,PIC0:,287192132264,33776704152,279607471,117117211
2021-04-10,08:45,FPC0,PIC1:,495696585304,60431213886,487399237,203040739
2021-04-10,08:50,FPC0,PIC0:,292704179080,33818310415,285658419,119253577
2021-04-10,08:50,FPC0,PIC1:,494656772672,59862595730,487475106,205510997
2021-04-10,08:55,FPC0,PIC0:,294576291296,34760399937,286595094,122303274
2021-04-10,08:55,FPC0,PIC1:,500559283912,59894509773,490015411,207150807
2021-04-10,09:00,FPC0,PIC0:,298703404032,33073908632,286935090,120980086
2021-04-10,09:00,FPC0,PIC1:,501407090712,60230110883,489050529,211379302
2021-04-10,09:05,FPC0,PIC0:,301070317008,36350428588,290484020,126921510
2021-04-10,09:05,FPC0,PIC1:,519472241288,61673086438,503776227,219161903
2021-04-10,09:10,FPC0,PIC0:,328088808856,36727002799,317959081,129266534
2021-04-10,09:10,FPC0,PIC1:,530009422352,64942684836,518457874,226405030
2021-04-10,09:15,FPC0,PIC0:,311872026464,37448975604,303334890,132744950
2021-04-10,09:15,FPC0,PIC1:,530020619896,66472756947,524092945,229056708
2021-04-10,09:20,FPC0,PIC0:,311424055896,38668940440,306995639,134935107
2021-04-10,09:20,FPC0,PIC1:,538882964192,67795491899,537282536,234612488
2021-04-10,09:25,FPC0,PIC0:,317074123752,39234529892,313788603,136847754
2021-04-10,09:25,FPC0,PIC1:,550532116088,70641744763,551840653,242211185
2021-04-10,09:30,FPC0,PIC0:,316491601664,41492067771,316921416,140179862
2021-04-10,09:30,FPC0,PIC1:,551254431112,73182998635,556276307,246815231
2021-04-10,09:35,FPC0,PIC0:,320580696328,41811778518,321847111,143134227
2021-04-10,09:35,FPC0,PIC1:,556338745552,76805898342,565993876,252663607
2021-04-10,09:40,FPC0,PIC0:,323295045768,41078577214,325451901,143587476
2021-04-10,09:40,FPC0,PIC1:,558277719568,76831439783,570726908,254130234
2021-04-10,09:45,FPC0,PIC0:,322035268296,40861973319,324431369,144026601
2021-04-10,09:45,FPC0,PIC1:,562977378200,78171749447,574583981,258004145
2021-04-10,09:50,FPC0,PIC0:,319321319320,41191985013,322144583,143565702
2021-04-10,09:50,FPC0,PIC1:,558276955568,78608898312,570153918,258646758
2021-04-10,09:55,FPC0,PIC0:,318266276648,39591292701,319499635,142167349
2021-04-10,09:55,FPC0,PIC1:,551208714456,77843652967,561506493,258189255
2021-04-10,10:00,FPC0,PIC0:,318107099872,39586368188,318033720,143098452
2021-04-10,10:00,FPC0,PIC1:,557571325048,76463786908,561113487,259061201
2021-04-10,10:05,FPC0,PIC0:,314257186680,39793245019,314752077,143472828
2021-04-10,10:05,FPC0,PIC1:,563630645464,75785798655,563288993,262004683
2021-04-10,10:10,FPC0,PIC0:,316475721552,40051172703,317083732,145679733
2021-04-10,10:10,FPC0,PIC1:,569183027240,74282515471,567351131,262443562
2021-04-10,10:15,FPC0,PIC0:,323715707960,40879958957,324541761,147820453
2021-04-10,10:15,FPC0,PIC1:,567193108848,75677928498,568947604,264103392
2021-04-10,10:20,FPC0,PIC0:,318843684392,42832391229,324022639,149393791
2021-04-10,10:20,FPC0,PIC1:,570782177784,78137357195,578683269,269407217
2021-04-10,10:25,FPC0,PIC0:,322049632496,42175119514,328215810,151847844
2021-04-10,10:25,FPC0,PIC1:,571014160120,76566588972,581751973,267849179
2021-04-10,10:30,FPC0,PIC0:,319881644000,42709671780,327492782,151704079
2021-04-10,10:30,FPC0,PIC1:,567157457696,79006352812,581465146,270339129
2021-04-10,10:35,FPC0,PIC0:,318766880928,42449370713,328287364,153136281
2021-04-10,10:35,FPC0,PIC1:,570319321912,79238454596,584858793,271637352
2021-04-10,10:40,FPC0,PIC0:,323832851024,43354277628,334014330,154833264
2021-04-10,10:40,FPC0,PIC1:,577800526248,79557959190,590378293,272099752
2021-04-10,10:45,FPC0,PIC0:,319491097616,44332163542,331546026,153889682
2021-04-10,10:45,FPC0,PIC1:,571999236896,79336765696,586056456,272681067
2021-04-10,10:50,FPC0,PIC0:,319179442320,42075396434,327913910,151219758
2021-04-10,10:50,FPC0,PIC1:,574575325376,78630639483,587565572,273912402
2021-04-10,10:55,FPC0,PIC0:,317878268856,42337192344,325558845,151164384
2021-04-10,10:55,FPC0,PIC1:,580692309120,79561071507,587745488,276065745
2021-04-10,11:00,FPC0,PIC0:,316473618016,41565574642,321318720,149380365
2021-04-10,11:00,FPC0,PIC1:,577265241704,79831392492,579778171,276068210
2021-04-10,11:05,FPC0,PIC0:,320332313768,41868537125,322444429,150739587
2021-04-10,11:05,FPC0,PIC1:,578076057064,79216210043,578424943,277133187
2021-04-10,11:10,FPC0,PIC0:,325630972552,44891752739,328951885,154336388
2021-04-10,11:10,FPC0,PIC1:,575472177448,79016566315,576708951,274258188
2021-04-10,11:15,FPC0,PIC0:,325706634456,45256684795,330496779,155457632
2021-04-10,11:15,FPC0,PIC1:,583521212288,78540819051,585383070,275545508
2021-04-10,11:20,FPC0,PIC0:,326013837344,45536879046,332725564,156556728
2021-04-10,11:20,FPC0,PIC1:,581908552072,81194197059,590031709,278440358
2021-04-10,11:25,FPC0,PIC0:,327690176296,44904355907,334631817,156484497
2021-04-10,11:25,FPC0,PIC1:,576962420584,78801880631,589030211,276688084
2021-04-10,11:30,FPC0,PIC0:,327999168120,44849023844,335213477,155824689
2021-04-10,11:30,FPC0,PIC1:,585570526688,79865680748,595837658,278579708
2021-04-10,11:35,FPC0,PIC0:,323448790536,44715104737,332309719,156655944
2021-04-10,11:35,FPC0,PIC1:,592678121728,82938846719,604832830,283312429
2021-04-10,11:40,FPC0,PIC0:,331071928880,46250265522,339868544,158761480
2021-04-10,11:40,FPC0,PIC1:,589376152744,82931965577,603972939,283986772
2021-04-10,11:45,FPC0,PIC0:,335460077808,46964354299,343078598,160092660
2021-04-10,11:45,FPC0,PIC1:,600059477416,82830520202,610763689,285319311
2021-04-10,11:50,FPC0,PIC0:,338843664872,45761818185,343461155,159505019
2021-04-10,11:50,FPC0,PIC1:,593101223888,82470746405,602376064,283402910
2021-04-10,11:55,FPC0,PIC0:,337521210544,45747205692,339194468,159301525
2021-04-10,11:55,FPC0,PIC1:,601305893504,81746141654,604013214,285013124
2021-04-10,12:00,FPC0,PIC0:,330491124968,43803288692,330493287,154023055
2021-04-10,12:00,FPC0,PIC1:,590102710208,80172482557,587686552,280099204
2021-04-10,12:05,FPC0,PIC0:,331106585856,43170513110,329349180,155556542
2021-04-10,12:05,FPC0,PIC1:,599486715208,79139864755,590570879,280151302
2021-04-10,12:10,FPC0,PIC0:,324769198336,44200110583,323304144,154632380
2021-04-10,12:10,FPC0,PIC1:,602041143280,77706588399,589447002,279193239
2021-04-10,12:15,FPC0,PIC0:,331986711216,43056924088,327941730,153545071
2021-04-10,12:15,FPC0,PIC1:,604204340784,77831874361,590353904,278807603
2021-04-10,12:20,FPC0,PIC0:,333900670320,42886453460,328413270,152629478
2021-04-10,12:20,FPC0,PIC1:,598300275928,76284464057,585232213,275973735
2021-04-10,12:25,FPC0,PIC0:,334830501264,43621583443,328466950,153542487
2021-04-10,12:25,FPC0,PIC1:,603763945552,76297260876,589188614,276444747
2021-04-10,12:30,FPC0,PIC0:,340282574384,43679431980,331005284,153680460
2021-04-10,12:30,FPC0,PIC1:,598621104272,76655562196,585094200,275214702
2021-04-10,12:35,FPC0,PIC0:,343041154728,42712477951,332810861,154531604
2021-04-10,12:35,FPC0,PIC1:,606257150704,79383850707,592727958,278871273
2021-04-10,12:40,FPC0,PIC0:,341298526776,42895839294,331247777,154327250
2021-04-10,12:40,FPC0,PIC1:,613482015520,77984900814,594770494,277262588
2021-04-10,12:45,FPC0,PIC0:,343642208544,42469573377,329914334,152391120
2021-04-10,12:45,FPC0,PIC1:,613961543496,79674057199,590868723,284295747
2021-04-10,12:50,FPC0,PIC0:,349540368832,41791560490,330541240,150718501
2021-04-10,12:50,FPC0,PIC1:,605360977144,75830532389,580664333,270588054
2021-04-10,12:55,FPC0,PIC0:,343888488304,39789249630,322457382,147901601
2021-04-10,12:55,FPC0,PIC1:,617514282944,74343946604,580441590,267822485
2021-04-10,13:00,FPC0,PIC0:,339598222168,39373404122,314826153,144929212
2021-04-10,13:00,FPC0,PIC1:,615016981112,70924146771,569949607,261937371
2021-04-10,13:05,FPC0,PIC0:,338262348608,39439199292,311022540,144012950
2021-04-10,13:05,FPC0,PIC1:,599988558816,69424429195,553150312,257028245
2021-04-10,13:10,FPC0,PIC0:,339542695512,38496229736,307572771,140493683
2021-04-10,13:10,FPC0,PIC1:,610594332136,66312774632,552651813,253496225
2021-04-10,13:15,FPC0,PIC0:,334071060544,36332922864,299825212,137271258
2021-04-10,13:15,FPC0,PIC1:,607004965992,66484335525,544037483,250631156
2021-04-10,13:20,FPC0,PIC0:,340007104816,37440406350,301601726,136942105
2021-04-10,13:20,FPC0,PIC1:,604406256240,66083947577,534512190,243554131
2021-04-10,13:25,FPC0,PIC0:,342910125288,36304193468,300297621,134958578
2021-04-10,13:25,FPC0,PIC1:,598430141400,62686533016,523451321,236629015
2021-04-10,13:30,FPC0,PIC0:,351045702056,33897355439,303085229,131901127
2021-04-10,13:30,FPC0,PIC1:,611597378432,61248665766,529321838,235238610
2021-04-10,13:35,FPC0,PIC0:,349154279160,32678996063,298796315,130569433
2021-04-10,13:35,FPC0,PIC1:,623006996888,62109654181,534921917,236847005
2021-04-10,13:40,FPC0,PIC0:,352997911656,32639152669,300149629,129393284
2021-04-10,13:40,FPC0,PIC1:,632696577688,60343594342,538031401,234729372
2021-04-10,13:45,FPC0,PIC0:,361482878376,32414946854,304632493,128189596
2021-04-10,13:45,FPC0,PIC1:,640087947448,60845861076,540636081,233271132
2021-04-10,13:50,FPC0,PIC0:,365581420656,32268707756,307035902,129527772
2021-04-10,13:50,FPC0,PIC1:,652149053992,61757233591,547630171,234741539
2021-04-10,13:55,FPC0,PIC0:,369935246056,31801507448,308307517,129189103
2021-04-10,13:55,FPC0,PIC1:,661950414624,60653836125,553212284,234075091
2021-04-10,14:00,FPC0,PIC0:,378964991176,32957227297,314794749,130364867
2021-04-10,14:00,FPC0,PIC1:,674101893520,59949032741,562053104,235499164
2021-04-10,14:05,FPC0,PIC0:,392158269408,34470753063,326444996,136017145
2021-04-10,14:05,FPC0,PIC1:,685686875368,60797149785,571618795,240451543
2021-04-10,14:10,FPC0,PIC0:,404263595992,35377491740,335766953,139594942
2021-04-10,14:10,FPC0,PIC1:,704970242432,62831956060,587218582,245851910
2021-04-10,14:15,FPC0,PIC0:,415959754512,35544378934,344446004,143346500
2021-04-10,14:15,FPC0,PIC1:,720136780432,61729451199,597519396,248275241
2021-04-10,14:20,FPC0,PIC0:,417195916512,35767751017,345780810,145141378
2021-04-10,14:20,FPC0,PIC1:,733669076680,63605647456,607824177,252753316
2021-04-10,14:25,FPC0,PIC0:,425142462488,36668122574,352382375,147100117
2021-04-10,14:25,FPC0,PIC1:,744886845296,66856330769,617361500,258587826
2021-04-10,14:30,FPC0,PIC0:,427912426104,36412008492,354213893,146623797
2021-04-10,14:30,FPC0,PIC1:,750594631720,66054124366,622894327,260172312
2021-04-10,14:35,FPC0,PIC0:,438094820024,36563279520,361515687,149867071
2021-04-10,14:35,FPC0,PIC1:,785684455928,66546500223,651546945,263856182
2021-04-10,14:40,FPC0,PIC0:,439654769768,37095440038,364263175,150995326
2021-04-10,14:40,FPC0,PIC1:,762888421760,66855507694,633462718,266335120
2021-04-10,14:45,FPC0,PIC0:,438987878760,37289678079,363651697,151639148
2021-04-10,14:45,FPC0,PIC1:,789349425808,67390978483,656770650,268079206
2021-04-10,14:50,FPC0,PIC0:,440243164576,37849621992,364551236,153049946
2021-04-10,14:50,FPC0,PIC1:,778348921776,67474624407,645719308,272669926
2021-04-10,14:55,FPC0,PIC0:,442737554744,38443890304,367395243,153839530
2021-04-10,14:55,FPC0,PIC1:,782004125376,69026457168,650048204,276188656
2021-04-10,15:00,FPC0,PIC0:,446002471888,37863151552,398116243,154561216
2021-04-10,15:00,FPC0,PIC1:,777050482040,68308983066,646402059,273831496
2021-04-10,15:05,FPC0,PIC0:,448325712384,38977025867,372170218,157762469
2021-04-10,15:05,FPC0,PIC1:,775838119144,69895689803,646916541,276747191
2021-04-10,15:10,FPC0,PIC0:,444801518608,39604768975,369897596,157906831
2021-04-10,15:10,FPC0,PIC1:,768197091472,68937300687,642641380,275829436
2021-04-10,15:15,FPC0,PIC0:,475600308688,38829709248,395682256,156150749
2021-04-10,15:15,FPC0,PIC1:,780518290768,68364912389,650735298,277750394
2021-04-10,15:20,FPC0,PIC0:,442097122480,39214789992,369703304,156957117
2021-04-10,15:20,FPC0,PIC1:,775806993016,68247833822,647360337,276720690
2021-04-10,15:25,FPC0,PIC0:,444483342808,38622266253,370568597,157672094
2021-04-10,15:25,FPC0,PIC1:,764183432416,68494064026,639643452,276137274
2021-04-10,15:30,FPC0,PIC0:,437470981064,38016600704,364820801,155044693
2021-04-10,15:30,FPC0,PIC1:,757977390752,69561678892,635436854,273692127
2021-04-10,15:35,FPC0,PIC0:,438448127640,39614635275,366573099,157272890
2021-04-10,15:35,FPC0,PIC1:,754512031192,69371360319,634527309,275048770
2021-04-10,15:40,FPC0,PIC0:,429819270808,38279651913,359415069,153628991
2021-04-10,15:40,FPC0,PIC1:,743828394952,68277118680,625569003,269566764
2021-04-10,15:45,FPC0,PIC0:,425981521976,38930799462,356999889,153391723
2021-04-10,15:45,FPC0,PIC1:,739998461512,68328894953,623608185,269287323
2021-04-10,15:50,FPC0,PIC0:,421695252448,37728156905,353902632,151930185
2021-04-10,15:50,FPC0,PIC1:,738703546960,69743285448,623423296,271612118
2021-04-10,15:55,FPC0,PIC0:,421878156560,37230808475,354379606,152014817
2021-04-10,15:55,FPC0,PIC1:,756812841904,70388947720,641144224,269691940
2021-04-10,16:00,FPC0,PIC0:,413040294320,37337426815,348923108,150140332
2021-04-10,16:00,FPC0,PIC1:,723054210784,68009200566,612120308,265606730
2021-04-10,16:05,FPC0,PIC0:,411999287192,38984983031,349991801,152279629
2021-04-10,16:05,FPC0,PIC1:,720851121968,67701598842,612823016,265349229
2021-04-10,16:10,FPC0,PIC0:,415252615472,38975470171,352982714,152742366
2021-04-10,16:10,FPC0,PIC1:,714891869920,69412090009,611069200,266980543
2021-04-10,16:15,FPC0,PIC0:,412839397424,38320403650,350656354,152434176
2021-04-10,16:15,FPC0,PIC1:,710838488984,69298892561,609091741,267161487
2021-04-10,16:20,FPC0,PIC0:,409940010984,38279031517,349131405,151296561
2021-04-10,16:20,FPC0,PIC1:,706926045400,70094195155,606992755,267166838
2021-04-10,16:25,FPC0,PIC0:,408533385256,38197327383,348504803,150884294
2021-04-10,16:25,FPC0,PIC1:,709528392568,71443461016,608922897,267836560
2021-04-10,16:30,FPC0,PIC0:,399914801680,37879363226,342538996,149620193
2021-04-10,16:30,FPC0,PIC1:,707391249856,70332758952,608424332,267027878
2021-04-10,16:35,FPC0,PIC0:,399542810832,39053627944,344064980,150843782
2021-04-10,16:35,FPC0,PIC1:,708012384104,71784472473,610098905,269517284
2021-04-10,16:40,FPC0,PIC0:,405914028056,40067017976,350112039,152937737
2021-04-10,16:40,FPC0,PIC1:,711997499760,71214733068,614600566,270732038
2021-04-10,16:45,FPC0,PIC0:,408004290800,41997799524,353426870,156540569
2021-04-10,16:45,FPC0,PIC1:,702789977632,73889876569,610419386,273478372
2021-04-10,16:50,FPC0,PIC0:,403599434328,41928858641,350395529,155680326
2021-04-10,16:50,FPC0,PIC1:,698547810216,76046922928,609338997,275309240
2021-04-10,16:55,FPC0,PIC0:,406872997024,42548867162,354024062,158542674
2021-04-10,16:55,FPC0,PIC1:,696090800552,76068796002,609207623,276520744
2021-04-10,17:00,FPC0,PIC0:,396626576696,41722338936,347647349,156276820
2021-04-10,17:00,FPC0,PIC1:,691040889528,75952265276,605340907,274686027
2021-04-10,17:05,FPC0,PIC0:,398611979528,41276647458,349447835,155790468
2021-04-10,17:05,FPC0,PIC1:,691186384776,77547053871,607730367,274393819
2021-04-10,17:10,FPC0,PIC0:,392879444960,42200331625,346563520,155887018
2021-04-10,17:10,FPC0,PIC1:,683772198672,76337820141,603544012,274368056
2021-04-10,17:15,FPC0,PIC0:,388722116688,40887670320,342064346,155287266
2021-04-10,17:15,FPC0,PIC1:,677749167136,75606503834,599364650,273789902
2021-04-10,17:20,FPC0,PIC0:,382408238184,40214883750,337132521,153331900
2021-04-10,17:20,FPC0,PIC1:,665975428192,74594961561,592299178,272437869
2021-04-10,17:25,FPC0,PIC0:,381421945136,41043512289,337661092,154251581
2021-04-10,17:25,FPC0,PIC1:,671132269400,74632241934,596780397,274287949
2021-04-10,17:30,FPC0,PIC0:,388300849000,42273093798,344975991,157822604
2021-04-10,17:30,FPC0,PIC1:,681154740568,76075834837,606455045,280914937
2021-04-10,17:35,FPC0,PIC0:,387888685032,41400677984,344465343,157464981
2021-04-10,17:35,FPC0,PIC1:,667089234896,74647040516,595435028,277496642
2021-04-10,17:40,FPC0,PIC0:,390564327136,41347139363,346325020,157182672
2021-04-10,17:40,FPC0,PIC1:,679127058280,73482462265,601960967,275938500
2021-04-10,17:45,FPC0,PIC0:,392690928216,42161706805,348181811,158709140
2021-04-10,17:45,FPC0,PIC1:,680414586448,75121293770,606012502,281089260
2021-04-10,17:50,FPC0,PIC0:,392755832216,43105218513,347467883,159027646
2021-04-10,17:50,FPC0,PIC1:,678084397568,74098024882,603903210,278375695
2021-04-10,17:55,FPC0,PIC0:,390679985848,42667536926,347836371,160075350
2021-04-10,17:55,FPC0,PIC1:,678880421192,75358682714,605076095,280895950
2021-04-10,18:00,FPC0,PIC0:,390229060224,42613083526,347438428,161834256
2021-04-10,18:00,FPC0,PIC1:,689361351144,75829160483,612627447,285101770
2021-04-10,18:05,FPC0,PIC0:,396275776512,43220154601,352379742,166226663
2021-04-10,18:05,FPC0,PIC1:,709731627000,76418071053,627871141,294126922
2021-04-10,18:10,FPC0,PIC0:,399072157024,43798827973,353912006,166881269
2021-04-10,18:10,FPC0,PIC1:,738915450416,77419476144,654885008,298542240
2021-04-10,18:15,FPC0,PIC0:,404346455592,44158602497,358584363,168928540
2021-04-10,18:15,FPC0,PIC1:,708111977632,79264436269,630489166,301337637
2021-04-10,18:20,FPC0,PIC0:,398837024848,43026195565,353765136,167573929
2021-04-10,18:20,FPC0,PIC1:,705408058256,79260907374,627739448,300734090
2021-04-10,18:25,FPC0,PIC0:,400344806656,42249697635,355347766,168188810
2021-04-10,18:25,FPC0,PIC1:,702826002240,76623752786,625248798,297707963
2021-04-10,18:30,FPC0,PIC0:,400894151056,42863565366,355924786,168232197
2021-04-10,18:30,FPC0,PIC1:,705085007240,77038422017,627449773,298071983
2021-04-10,18:35,FPC0,PIC0:,398193530584,42502663952,354033897,168076448
2021-04-10,18:35,FPC0,PIC1:,712617380848,78223884385,632486748,300847954
2021-04-10,18:40,FPC0,PIC0:,404941980920,43932159460,359725171,171001018
2021-04-10,18:40,FPC0,PIC1:,716052137304,78663900749,636355069,300921474
2021-04-10,18:45,FPC0,PIC0:,407636268728,44251729709,362715507,172183054
2021-04-10,18:45,FPC0,PIC1:,714163271000,79141804427,636090111,303528590
2021-04-10,18:50,FPC0,PIC0:,397154535136,43503331389,356187404,171630702
2021-04-10,18:50,FPC0,PIC1:,706114362512,78934467496,632795808,303721631
2021-04-10,18:55,FPC0,PIC0:,391759184960,43288435486,352263724,167963624
2021-04-10,18:55,FPC0,PIC1:,684387637384,80447736655,618237685,297630535
2021-04-10,19:00,FPC0,PIC0:,390448120272,43057656380,351069946,167514232
2021-04-10,19:00,FPC0,PIC1:,682650985752,77516454339,615184439,294719939
2021-04-10,19:05,FPC0,PIC0:,402762073576,44030048472,360787169,170225557
2021-04-10,19:05,FPC0,PIC1:,700556313232,78239106404,629246798,299606180
2021-04-10,19:10,FPC0,PIC0:,403582729160,43829127063,360345757,171241403
2021-04-10,19:10,FPC0,PIC1:,742032067312,77686936883,661547952,303881118
2021-04-10,19:15,FPC0,PIC0:,406207096632,44099900752,361751737,172559386
2021-04-10,19:15,FPC0,PIC1:,716839100360,78798591584,638627465,306285761
2021-04-10,19:20,FPC0,PIC0:,408522208856,44252262910,364367971,173862873
2021-04-10,19:20,FPC0,PIC1:,726283079064,79861053705,645508981,310892409
2021-04-10,19:25,FPC0,PIC0:,413650230688,44750832683,368019730,175490011
2021-04-10,19:25,FPC0,PIC1:,726942787000,79797748393,646118105,310422206
2021-04-10,19:30,FPC0,PIC0:,420634001040,44725054038,372837742,178110382
2021-04-10,19:30,FPC0,PIC1:,728704785824,79878992608,646056276,309588570
2021-04-10,19:35,FPC0,PIC0:,419732678136,43150078281,371251143,176563358
2021-04-10,19:35,FPC0,PIC1:,739400244064,78341772310,651829368,310352690
2021-04-10,19:40,FPC0,PIC0:,417494348544,43558434814,369079530,175613692
2021-04-10,19:40,FPC0,PIC1:,734481818456,78713750421,649073879,310386652
2021-04-10,19:45,FPC0,PIC0:,418509510216,43707490111,369371355,175824220
2021-04-10,19:45,FPC0,PIC1:,732958699448,78771831193,645690537,309093212
2021-04-10,19:50,FPC0,PIC0:,417798634200,42980390721,367767001,174551938
2021-04-10,19:50,FPC0,PIC1:,729796495736,76467430828,640924403,305327679
2021-04-10,19:55,FPC0,PIC0:,416377247392,43176973703,366219154,173496801
2021-04-10,19:55,FPC0,PIC1:,730671792416,80306260516,641021744,317900262
2021-04-10,20:00,FPC0,PIC0:,407734411880,42709364205,361294041,169890487
2021-04-10,20:00,FPC0,PIC1:,695597670544,77353504736,618688466,297377772
2021-04-10,20:05,FPC0,PIC0:,401561027064,42420771433,356309923,166691290
2021-04-10,20:05,FPC0,PIC1:,693549441928,77911443741,616871571,295482734
2021-04-10,20:10,FPC0,PIC0:,399802879920,42323517728,354517148,165103394
2021-04-10,20:10,FPC0,PIC1:,692664355256,77117496250,614695481,293150172
2021-04-10,20:15,FPC0,PIC0:,397839855600,42136452117,351721086,164245362
2021-04-10,20:15,FPC0,PIC1:,690910118336,76218435351,611481529,290632949
2021-04-10,20:20,FPC0,PIC0:,397389925912,43619234214,351382847,168670978
2021-04-10,20:20,FPC0,PIC1:,689228675232,76446847673,608693258,289372952
2021-04-10,20:25,FPC0,PIC0:,399019211304,42466867213,351199435,163054409
2021-04-10,20:25,FPC0,PIC1:,724061173840,74294058719,635473746,284667271
2021-04-10,20:30,FPC0,PIC0:,396640412824,41270514448,347796391,161144979
2021-04-10,20:30,FPC0,PIC1:,697267268544,76189449005,609811762,285416315
2021-04-10,20:35,FPC0,PIC0:,404159141272,42266430552,352871711,163006171
2021-04-10,20:35,FPC0,PIC1:,731344825920,74684317045,636012084,283056258
2021-04-10,20:40,FPC0,PIC0:,408120426464,41288803273,353939366,162055347
2021-04-10,20:40,FPC0,PIC1:,713813761704,75320240299,618522829,284330097
2021-04-10,20:45,FPC0,PIC0:,406003927440,41840860497,352242088,161973159
2021-04-10,20:45,FPC0,PIC1:,716653345256,75897097198,619270141,283733334
2021-04-10,20:50,FPC0,PIC0:,410592698440,42991464320,354549795,163710315
2021-04-10,20:50,FPC0,PIC1:,723989574672,75939433874,622203260,283609275
2021-04-10,20:55,FPC0,PIC0:,412232655160,42728497242,353926919,163448676
2021-04-10,20:55,FPC0,PIC1:,731470034256,76106735713,626051948,284993750
2021-04-10,21:00,FPC0,PIC0:,416976125352,41840425761,356994685,163361184
2021-04-10,21:00,FPC0,PIC1:,729368925792,74404105142,621465028,282552274
2021-04-10,21:05,FPC0,PIC0:,422672478912,42255734496,360544130,165857418
2021-04-10,21:05,FPC0,PIC1:,745638015224,76246513173,634154383,288340235
2021-04-10,21:10,FPC0,PIC0:,426741402536,41787195224,361671951,165489387
2021-04-10,21:10,FPC0,PIC1:,748501574488,74010922971,634160811,287444795
2021-04-10,21:15,FPC0,PIC0:,443345240384,41681244264,373286626,167983850
2021-04-10,21:15,FPC0,PIC1:,760685460536,75147070644,642906419,290418017
2021-04-10,21:20,FPC0,PIC0:,445408806088,41406992167,374386727,168651955
2021-04-10,21:20,FPC0,PIC1:,795392231808,75774541464,671452360,291306756
2021-04-10,21:25,FPC0,PIC0:,445735331776,42422530379,374373974,167928192
2021-04-10,21:25,FPC0,PIC1:,769352813496,75969810481,648563517,291681745
2021-04-10,21:30,FPC0,PIC0:,428193714640,40302739572,357702928,160260379
2021-04-10,21:30,FPC0,PIC1:,749789283776,74750505382,629797174,283194394
2021-04-10,21:35,FPC0,PIC0:,427940478144,39394342142,356686344,160328381
2021-04-10,21:35,FPC0,PIC1:,747928206424,72193800548,625580605,279623760
2021-04-10,21:40,FPC0,PIC0:,427451695696,39633582316,355205334,159019199
2021-04-10,21:40,FPC0,PIC1:,784893340872,70372259678,652381721,278904720
2021-04-10,21:45,FPC0,PIC0:,433959221376,39766206933,358878690,159498007
2021-04-10,21:45,FPC0,PIC1:,760251410736,72368478799,630596764,279751219
2021-04-10,21:50,FPC0,PIC0:,437122377008,39034383518,359597472,159198599
2021-04-10,21:50,FPC0,PIC1:,749137915424,68021552258,619317604,273491036
2021-04-10,21:55,FPC0,PIC0:,444036724816,39750538839,365258968,158959400
2021-04-10,21:55,FPC0,PIC1:,763344619784,69028830824,631039131,275212179
2021-04-10,22:00,FPC0,PIC0:,441519399488,39392545320,363273038,160020499
2021-04-10,22:00,FPC0,PIC1:,769644947544,68987753339,634961531,277569613
2021-04-10,22:05,FPC0,PIC0:,449100455216,39472905283,368842274,162573787
2021-04-10,22:05,FPC0,PIC1:,780279511024,70682441214,643690596,282720989
2021-04-10,22:10,FPC0,PIC0:,463942944168,40775189290,382068981,167607940
2021-04-10,22:10,FPC0,PIC1:,822872316336,71893567466,676653972,293855164
2021-04-10,22:15,FPC0,PIC0:,468266902208,40477373918,384073096,168731790
2021-04-10,22:15,FPC0,PIC1:,856476195712,72779543502,703951526,296398639
2021-04-10,22:20,FPC0,PIC0:,459450733248,39713869184,375511186,165454864
2021-04-10,22:20,FPC0,PIC1:,803825144936,70530947519,658804387,288623401
2021-04-10,22:25,FPC0,PIC0:,466836811840,38811082863,379647152,164920352
2021-04-10,22:25,FPC0,PIC1:,849815520552,69634273157,694470047,290251816
2021-04-10,22:30,FPC0,PIC0:,469376882024,39190408688,382377803,166674290
2021-04-10,22:30,FPC0,PIC1:,825558090096,68945699879,673564158,289520371
2021-04-10,22:35,FPC0,PIC0:,474873741800,38682321900,385642443,167288029
2021-04-10,22:35,FPC0,PIC1:,815230180488,67569723878,664253447,284723773
2021-04-10,22:40,FPC0,PIC0:,466429454760,38337070982,378788205,163393023
2021-04-10,22:40,FPC0,PIC1:,819018956896,68545561489,666773610,284629578
2021-04-10,22:45,FPC0,PIC0:,449029266856,35792538334,362167249,154980438
2021-04-10,22:45,FPC0,PIC1:,781619838648,63473929848,634071395,268480744
2021-04-10,22:50,FPC0,PIC0:,439961067032,36155746508,355198173,151685639
2021-04-10,22:50,FPC0,PIC1:,766050435792,61809139141,619606720,261233656
2021-04-10,22:55,FPC0,PIC0:,458152573160,37759698876,371105197,156777721
2021-04-10,22:55,FPC0,PIC1:,804422528848,64542219151,651174116,270360592
2021-04-10,23:00,FPC0,PIC0:,458651153496,38954464434,374080511,156184540
2021-04-10,23:00,FPC0,PIC1:,808269120512,64984014128,655945870,269532372
2021-04-10,23:05,FPC0,PIC0:,472438840864,39629671291,385511246,161108560
2021-04-10,23:05,FPC0,PIC1:,835320780472,68690629524,679518633,278695300
2021-04-10,23:10,FPC0,PIC0:,446622615560,36751039212,362408993,149569496
2021-04-10,23:10,FPC0,PIC1:,791521429552,60902484048,639807392,258945878
2021-04-10,23:15,FPC0,PIC0:,445938975224,37327474398,361908139,148960667
2021-04-10,23:15,FPC0,PIC1:,790193201096,62620371172,639576457,258059117
2021-04-10,23:20,FPC0,PIC0:,433492529512,36651541747,350093315,143448698
2021-04-10,23:20,FPC0,PIC1:,761373448168,60285377349,614679359,247336907
2021-04-10,23:25,FPC0,PIC0:,423553597792,35470190659,340812670,139140140
2021-04-10,23:25,FPC0,PIC1:,740900990216,58943229380,596438121,239618460
2021-04-10,23:30,FPC0,PIC0:,421676571648,33801413635,338459430,136287135
2021-04-10,23:30,FPC0,PIC1:,726586990376,57494872797,585901805,234437828
2021-04-10,23:35,FPC0,PIC0:,443997252000,35321296533,357733216,141173832
2021-04-10,23:35,FPC0,PIC1:,770196221728,58462156867,619175496,242268075
2021-04-10,23:40,FPC0,PIC0:,421362536072,32613003933,337943623,132387523
2021-04-10,23:40,FPC0,PIC1:,721134346336,55453187848,580132848,228763642
2021-04-10,23:45,FPC0,PIC0:,398702184536,30267316787,319812577,126477223
2021-04-10,23:45,FPC0,PIC1:,695047352728,52323704293,558742907,218703503
2021-04-10,23:50,FPC0,PIC0:,396184387256,30393923085,317354019,126027477
2021-04-10,23:50,FPC0,PIC1:,686096596088,51605690936,550396895,214705731
2021-04-10,23:55,FPC0,PIC0:,391837349304,29479160299,313323711,123401793
2021-04-10,23:55,FPC0,PIC1:,669300130512,51273212177,537408554,209778779
